Link Text,URL
Watch2gether,/watch2gether
Random,/random
Community,/community/board
Home,/home
Subbed Anime,/subbed-anime
Dubbed Anime,/dubbed-anime
Most Popular,/most-popular
Movies,/movie
TV Series,/tv
OVAs,/ova
ONAs,/ona
Specials,/special
Events,/events
HiAnime App,/app-download
Action,/genre/action
Adventure,/genre/adventure
Cars,/genre/cars
Comedy,/genre/comedy
Dementia,/genre/dementia
Demons,/genre/demons
Drama,/genre/drama
Ecchi,/genre/ecchi
Fantasy,/genre/fantasy
Game,/genre/game
Harem,/genre/harem
Historical,/genre/historical
Horror,/genre/horror
Isekai,/genre/isekai
Josei,/genre/josei
Kids,/genre/kids
Magic,/genre/magic
Martial Arts,/genre/marial-arts
Mecha,/genre/mecha
Military,/genre/military
Music,/genre/music
Mystery,/genre/mystery
Parody,/genre/parody
Police,/genre/police
Psychological,/genre/psychological
Romance,/genre/romance
Samurai,/genre/samurai
School,/genre/school
Sci-Fi,/genre/sci-fi
Seinen,/genre/seinen
Shoujo,/genre/shoujo
Shoujo Ai,/genre/shoujo-ai
Shounen,/genre/shounen
Shounen Ai,/genre/shounen-ai
Slice of Life,/genre/slice-of-life
Space,/genre/space
Sports,/genre/sports
Super Power,/genre/super-power
Supernatural,/genre/supernatural
Thriller,/genre/thriller
Vampire,/genre/vampire
More,
,/
Filter,/filter
,https://discord.gg/hianime
,https://tinyurl.com/2y2yy3ba
,https://new.reddit.com/r/HiAnimeZone/
,https://twitter.com/HiAnimeOfficial
Watch2gether,/watch2gether
Random,/random
Community,/community/board
,/home
,/movie
,/tv
,/most-popular
Login,
Watch Now,/watch/bleach-806
Detail,/bleach-806
Watch Now,/watch/no-longer-allowed-in-another-world-19247
Detail,/no-longer-allowed-in-another-world-19247
Watch Now,/watch/the-strongest-magician-in-the-demon-lords-army-was-a-human-19238
Detail,/the-strongest-magician-in-the-demon-lords-army-was-a-human-19238
Watch Now,/watch/one-piece-100
Detail,/one-piece-100
Watch Now,/watch/the-elusive-samurai-19233
Detail,/the-elusive-samurai-19233
Watch Now,/watch/why-does-nobody-remember-me-in-this-world-19240
Detail,/why-does-nobody-remember-me-in-this-world-19240
Watch Now,/watch/pseudo-harem-19246
Detail,/pseudo-harem-19246
Watch Now,/watch/demon-slayer-kimetsu-no-yaiba-hashira-training-arc-19107
Detail,/demon-slayer-kimetsu-no-yaiba-hashira-training-arc-19107
Watch Now,/watch/wind-breaker-19136
Detail,/wind-breaker-19136
Watch Now,/watch/bleach-806
Detail,/bleach-806
Watch Now,/watch/no-longer-allowed-in-another-world-19247
Detail,/no-longer-allowed-in-another-world-19247
Download Now,/app-download
,https://1flix.to/
,/one-piece-100
,/my-hero-academia-season-7-19146
,/alya-sometimes-hides-her-feelings-in-russian-19254
,/a-nobodys-way-up-to-an-exploration-hero-lv-19223
,/my-star-season-2-19256
,/fairy-tail-100-years-quest-19253
,/wistoria-wand-and-sword-19239
,/days-with-my-stepsister-19251
,/failure-frame-i-became-the-strongest-and-annihilated-everything-with-low-level-spells-19237
,/wind-breaker-19136
Newest Comments,#new-comment
"Top
                                Comments",#top-comment
Milk seeker,/community/user/7164399
My Star: Season 2,/watch/my-star-season-2-19256?ep=128248&c_id=18693599&c_type=episode
ktwo,/community/user/2697857
My Star: Season 2,/watch/my-star-season-2-19256?ep=128248&c_id=18693971&c_type=episode
bom,/community/user/1494134
My Star: Season 2,/watch/my-star-season-2-19256?ep=128248&c_id=18693394&c_type=episode
Kisuke,/community/user/3676696
My Star: Season 2,/watch/my-star-season-2-19256?ep=128248&c_id=18693047&c_type=episode
Tangirine_girl,/community/user/4318977
My Star: Season 2,/watch/my-star-season-2-19256?ep=128248&c_id=18693108&c_type=episode
AniWatcher,/community/user/7509575
My Star: Season 2,/watch/my-star-season-2-19256?ep=128248&c_id=18690494&c_type=episode
kako,/community/user/7165426
My Star: Season 2,/watch/my-star-season-2-19256?ep=128248&c_id=18690511&c_type=episode
TehChuckles,/community/user/1150266
My Star: Season 2,/watch/my-star-season-2-19256?ep=128248&c_id=18692520&c_type=episode
Nobody,/community/user/7343784
My Star: Season 2,/watch/my-star-season-2-19256?ep=128248&c_id=18690529&c_type=episode
Dro,/community/user/1206666
My Star: Season 2,/watch/my-star-season-2-19256?ep=128248&c_id=18692863&c_type=episode
≈åkami,/community/user/1471875
My Star: Season 2,/watch/my-star-season-2-19256?ep=128248&c_id=18690763&c_type=episode
LEMMINGS,/community/user/5422996
My Star: Season 2,/watch/my-star-season-2-19256?ep=128248&c_id=18689571&c_type=episode
nimole,/community/user/7498389
Wistoria: Wand and Sword,/watch/wistoria-wand-and-sword-19239?ep=128228&c_id=18692296&c_type=episode
Kaguyadory,/community/user/7555102
My Star: Season 2,/watch/my-star-season-2-19256?ep=128248&c_id=18693651&c_type=episode
Bami^‚Å†_‚Å†^‚ô°,/community/user/1150412
My Star: Season 2,/watch/my-star-season-2-19256?ep=128248&c_id=18691345&c_type=episode
‡§∏‡§öin,/community/user/1515802
My Star: Season 2,/watch/my-star-season-2-19256?ep=128248&c_id=18691259&c_type=episode
HAYATO_Èöº‰∫∫,/community/user/1972945
My Star: Season 2,/watch/my-star-season-2-19256?ep=128248&c_id=18691270&c_type=episode
KaTsuRo,/community/user/4513639
My Star: Season 2,/watch/my-star-season-2-19256?ep=128248&c_id=18693254&c_type=episode
nanadaimepiyush,/community/user/7228685
The Quintessential Quintuplets: The Movie,/watch/the-quintessential-quintuplets-the-movie-17726?ep=94856&c_id=18694790&c_type=episode
T‘ã“Ω œùŒ± Ö Ö“Ω…≥ …†“Ω…≥…æŒ± Ö,/community/user/2314364
Fairy Tail,/watch/fairy-tail-930?ep=15641&c_id=18694789&c_type=episode
orewaluffy,/community/user/7286833
"Love, Chunibyo & Other Delusions!",/watch/love-chunibyo-other-delusions-843?ep=14669&c_id=18694787&c_type=episode
FartBomber0595,/community/user/2786681
I'm Giving the Disgraced Noble Lady I Rescued a Crash Course in Naughtiness,/watch/im-giving-the-disgraced-noble-lady-i-rescued-a-crash-course-in-naughtiness-18591?ep=108847&c_id=18694785&c_type=episode
TakimichiXFujiwara,/community/user/4049884
One Piece,/watch/one-piece-100?ep=102117&c_id=18694784&c_type=episode
Tojikun,/community/user/4428505
The Magical Girl and the Evil Lieutenant Used to Be Archenemies,/watch/the-magical-girl-and-the-evil-lieutenant-used-to-be-archenemies-19236?ep=128243&c_id=18694778&c_type=episode
Pasindu,/community/user/4555999
Alya Sometimes Hides Her Feelings in Russian,/watch/alya-sometimes-hides-her-feelings-in-russian-19254?ep=128162&c_id=18694775&c_type=episode
Kuruma,/community/user/7246364
KonoSuba: An Explosion on This Wonderful World!,/watch/konosuba-an-explosion-on-this-wonderful-world-18337?ep=100027&c_id=18694774&c_type=episode
Abdennasr,/community/user/3895239
Attack on Titan,/watch/attack-on-titan-112?ep=3320&c_id=18694772&c_type=episode
Sparsh,/community/user/2906832
Dragon Ball Super,/watch/dragon-ball-super-1692?ep=22252&c_id=18694771&c_type=episode
nohoesforever.,/community/user/2719644
Eromanga Sensei,/watch/eromanga-sensei-5486?ep=41683&c_id=18694770&c_type=episode
nohoesforever.,/community/user/2719644
Eromanga Sensei,/watch/eromanga-sensei-5486?ep=41683&c_id=18694769&c_type=episode
Mr.K,/community/user/7348746
Fist of the North Star,/watch/fist-of-the-north-star-532?ep=10687&c_id=18694768&c_type=episode
nohoesforever.,/community/user/2719644
Eromanga Sensei,/watch/eromanga-sensei-5486?ep=41683&c_id=18694767&c_type=episode
¬ßpw…ôgtal,/community/user/2339759
No Longer Allowed In Another World,/watch/no-longer-allowed-in-another-world-19247?ep=126786&c_id=18694765&c_type=episode
Delta,/community/user/2260504
Spice and Wolf: Merchant Meets the Wise Wolf,/watch/spice-and-wolf-merchant-meets-the-wise-wolf-19143?ep=123160&c_id=18694763&c_type=episode
DS8,/community/user/4246505
My Star: Season 2,/watch/my-star-season-2-19256?ep=128248&c_id=18694759&c_type=episode
ùô±ùöéùöôùöò,/community/user/7174117
Bleach,/watch/bleach-806?ep=13806&c_id=18694757&c_type=episode
,/one-piece-100
One Piece,/one-piece-100
,/my-hero-academia-season-7-19146
My Hero Academia Season 7,/my-hero-academia-season-7-19146
,/that-time-i-got-reincarnated-as-a-slime-season-3-19109
That Time I Got Reincarnated as a Slime Season 3,/that-time-i-got-reincarnated-as-a-slime-season-3-19109
,/wistoria-wand-and-sword-19239
Wistoria: Wand and Sword,/wistoria-wand-and-sword-19239
,/case-closed-323
Case Closed,/case-closed-323
View more,/top-airing
,/one-piece-100
One Piece,/one-piece-100
,/naruto-shippuden-355
Naruto: Shippuden,/naruto-shippuden-355
,/bleach-806
Bleach,/bleach-806
,/jujutsu-kaisen-2nd-season-18413
Jujutsu Kaisen 2nd Season,/jujutsu-kaisen-2nd-season-18413
,/black-clover-2404
Black Clover,/black-clover-2404
View more,/most-popular
,/one-piece-100
One Piece,/one-piece-100
,/chainsaw-man-17406
Chainsaw Man,/chainsaw-man-17406
,/jujutsu-kaisen-tv-534
Jujutsu Kaisen (TV),/jujutsu-kaisen-tv-534
,/demon-slayer-kimetsu-no-yaiba-swordsmith-village-arc-18056
Demon Slayer: Kimetsu no Yaiba Swordsmith Village Arc,/demon-slayer-kimetsu-no-yaiba-swordsmith-village-arc-18056
,/black-clover-2404
Black Clover,/black-clover-2404
View more,/most-favorite
,/brick-of-heaven-19395
Brick of Heaven,/brick-of-heaven-19395
,/the-immortal-legend-13411
The Immortal Legend,/the-immortal-legend-13411
,/alya-sometimes-hides-her-feelings-in-russian-19254
Alya Sometimes Hides Her Feelings in Russian,/alya-sometimes-hides-her-feelings-in-russian-19254
,/the-unwanted-undead-adventurer-18808
The Unwanted Undead Adventurer,/the-unwanted-undead-adventurer-18808
,/berserk-of-gluttony-18593
Berserk of Gluttony,/berserk-of-gluttony-18593
View more,/completed
View more,/recently-updated
,/watch/roommates-19268?w=latest
Roommates,/roommates-19268
,/watch/beyblade-x-18632?w=latest
Beyblade X,/beyblade-x-18632
,/watch/brick-of-heaven-19395?w=latest
Brick of Heaven,/brick-of-heaven-19395
,/watch/the-immortal-legend-13411?w=latest
The Immortal Legend,/the-immortal-legend-13411
,/watch/sengoku-youko-recap-19281?w=latest
Sengoku Youko - Recap,/sengoku-youko-recap-19281
,/watch/true-beauty-19274?w=latest
True Beauty,/true-beauty-19274
,/watch/love-is-indivisible-by-twins-19234?w=latest
Love Is Indivisible by Twins,/love-is-indivisible-by-twins-19234
,/watch/my-star-season-2-19256?w=latest
My Star: Season 2,/my-star-season-2-19256
,/watch/murai-in-love-19314?w=latest
Murai in Love,/murai-in-love-19314
,/watch/tasuketsu-fate-of-the-majority-19211?w=latest
Tasuketsu -Fate of the Majority-,/tasuketsu-fate-of-the-majority-19211
,/watch/egumi-legacy-19204?w=latest
Egumi Legacy,/egumi-legacy-19204
,/watch/no-longer-allowed-in-another-world-19247?w=latest
No Longer Allowed In Another World,/no-longer-allowed-in-another-world-19247
View more,/recently-added
,/watch/brick-of-heaven-19395
Brick of Heaven,/brick-of-heaven-19395
,/watch/the-immortal-legend-13411
The Immortal Legend,/the-immortal-legend-13411
,/watch/alya-sometimes-hides-her-feelings-in-russian-19254
Alya Sometimes Hides Her Feelings in Russian,/alya-sometimes-hides-her-feelings-in-russian-19254
,/watch/the-unwanted-undead-adventurer-18808
The Unwanted Undead Adventurer,/the-unwanted-undead-adventurer-18808
,/watch/berserk-of-gluttony-18593
Berserk of Gluttony,/berserk-of-gluttony-18593
,/watch/love-is-indivisible-by-twins-19234
Love Is Indivisible by Twins,/love-is-indivisible-by-twins-19234
,/watch/sengoku-youko-recap-19281
Sengoku Youko - Recap,/sengoku-youko-recap-19281
,/watch/level-1-demon-lord-and-one-room-hero-18465
Level 1 Demon Lord and One Room Hero,/level-1-demon-lord-and-one-room-hero-18465
,/watch/jellyfish-cant-swim-in-the-night-19124
Jellyfish Can't Swim in the Night,/jellyfish-cant-swim-in-the-night-19124
,/watch/the-magical-girl-and-the-evil-lieutenant-used-to-be-archenemies-19236
The Magical Girl and the Evil Lieutenant Used to Be Archenemies,/the-magical-girl-and-the-evil-lieutenant-used-to-be-archenemies-19236
,/watch/mom-im-sorry-19166
"Mom, I'm Sorry",/mom-im-sorry-19166
,/watch/the-ossan-newbie-adventurer-trained-to-death-by-the-most-powerful-party-became-invincible-19219
"The Ossan Newbie Adventurer, Trained to Death by the Most Powerful Party, Became Invincible",/the-ossan-newbie-adventurer-trained-to-death-by-the-most-powerful-party-became-invincible-19219
22:00Failure Frame: I Became the Strongest and Annihilated Everything With Low-Level SpellsEpisode 12,/failure-frame-i-became-the-strongest-and-annihilated-everything-with-low-level-spells-19237
View more,/top-upcoming
,/watch/genjitsu-no-yohane-sunshine-in-the-mirror-movie-19394
Genjitsu no Yohane: Sunshine in the Mirror Movie,/genjitsu-no-yohane-sunshine-in-the-mirror-movie-19394
,/watch/give-it-all-19393
Give It All,/give-it-all-19393
,/watch/solo-leveling-reawakening-19392
Solo Leveling: ReAwakening,/solo-leveling-reawakening-19392
,/watch/attack-on-titan-the-last-attack-19391
Attack on Titan: The Last Attack,/attack-on-titan-the-last-attack-19391
,/watch/rezero-starting-life-in-another-world-season-3-19301
Re:ZERO -Starting Life in Another World- Season 3,/rezero-starting-life-in-another-world-season-3-19301
,/watch/blue-lock-season-2-19318
Blue Lock Season 2,/blue-lock-season-2-19318
,/watch/dandadan-19319
Dandadan,/dandadan-19319
,/watch/gintama-on-theater-2d-kintama-hen-19389
Gintama on Theater 2D: Kintama-hen,/gintama-on-theater-2d-kintama-hen-19389
,/watch/bananya-around-the-world-19388
Bananya: Around the World,/bananya-around-the-world-19388
,/watch/duel-masters-lost-tsuioku-no-suishou-19387
Duel Masters LOST: Tsuioku no Suishou,/duel-masters-lost-tsuioku-no-suishou-19387
,/watch/mobile-suit-gundam-requiem-for-vengeance-19386
Mobile Suit Gundam: Requiem for Vengeance,/mobile-suit-gundam-requiem-for-vengeance-19386
,/watch/beastars-final-season-19385
Beastars Final Season,/beastars-final-season-19385
Action,/genre/action
Adventure,/genre/adventure
Cars,/genre/cars
Comedy,/genre/comedy
Dementia,/genre/dementia
Demons,/genre/demons
Drama,/genre/drama
Ecchi,/genre/ecchi
Fantasy,/genre/fantasy
Game,/genre/game
Harem,/genre/harem
Historical,/genre/historical
Horror,/genre/horror
Isekai,/genre/isekai
Josei,/genre/josei
Kids,/genre/kids
Magic,/genre/magic
Martial Arts,/genre/marial-arts
Mecha,/genre/mecha
Military,/genre/military
Music,/genre/music
Mystery,/genre/mystery
Parody,/genre/parody
Police,/genre/police
Psychological,/genre/psychological
Romance,/genre/romance
Samurai,/genre/samurai
School,/genre/school
Sci-Fi,/genre/sci-fi
Seinen,/genre/seinen
Shoujo,/genre/shoujo
Shoujo Ai,/genre/shoujo-ai
Shounen,/genre/shounen
Shounen Ai,/genre/shounen-ai
Slice of Life,/genre/slice-of-life
Space,/genre/space
Sports,/genre/sports
Super Power,/genre/super-power
Supernatural,/genre/supernatural
Thriller,/genre/thriller
Vampire,/genre/vampire
Today,#top-viewed-day
Week,#top-viewed-week
Month,#top-viewed-month
One Piece,/one-piece-100
My Star: Season 2,/my-star-season-2-19256
Bleach,/bleach-806
Naruto: Shippuden,/naruto-shippuden-355
No Longer Allowed In Another World,/no-longer-allowed-in-another-world-19247
My Hero Academia Season 7,/my-hero-academia-season-7-19146
Alya Sometimes Hides Her Feelings in Russian,/alya-sometimes-hides-her-feelings-in-russian-19254
Wistoria: Wand and Sword,/wistoria-wand-and-sword-19239
Black Clover,/black-clover-2404
"The Ossan Newbie Adventurer, Trained to Death by the Most Powerful Party, Became Invincible",/the-ossan-newbie-adventurer-trained-to-death-by-the-most-powerful-party-became-invincible-19219
One Piece,/one-piece-100
My Hero Academia Season 7,/my-hero-academia-season-7-19146
Wistoria: Wand and Sword,/wistoria-wand-and-sword-19239
Bleach,/bleach-806
Naruto: Shippuden,/naruto-shippuden-355
Alya Sometimes Hides Her Feelings in Russian,/alya-sometimes-hides-her-feelings-in-russian-19254
That Time I Got Reincarnated as a Slime Season 3,/that-time-i-got-reincarnated-as-a-slime-season-3-19109
I Parry Everything,/i-parry-everything-19229
Failure Frame: I Became the Strongest and Annihilated Everything With Low-Level Spells,/failure-frame-i-became-the-strongest-and-annihilated-everything-with-low-level-spells-19237
Tower of God Season 2,/tower-of-god-season-2-19255
One Piece,/one-piece-100
My Hero Academia Season 7,/my-hero-academia-season-7-19146
Alya Sometimes Hides Her Feelings in Russian,/alya-sometimes-hides-her-feelings-in-russian-19254
Bleach,/bleach-806
Wistoria: Wand and Sword,/wistoria-wand-and-sword-19239
Naruto: Shippuden,/naruto-shippuden-355
That Time I Got Reincarnated as a Slime Season 3,/that-time-i-got-reincarnated-as-a-slime-season-3-19109
I Parry Everything,/i-parry-everything-19229
Failure Frame: I Became the Strongest and Annihilated Everything With Low-Level Spells,/failure-frame-i-became-the-strongest-and-annihilated-everything-with-low-level-spells-19237
Tower of God Season 2,/tower-of-god-season-2-19255
View more,/community/board
Genuine thoughts üí≠,/community/post/genuine-thoughts-232688
IconicDolphin,/community/user/5532201
How much would you,/community/post/how-much-would-you-232707
1tach1uch1ha,/community/user/3615216
Brave Browser Banned,/community/post/brave-browser-banned-232674
BasilCrab,/community/user/2081171
Best characters?,/community/post/best-characters-232685
DraygunDolphin,/community/user/1705964
I got banned,/community/post/i-got-banned-232683
GhostyAngelfish,/community/user/7685528
My honest opinion on JJK,/community/post/my-honest-opinion-on-jjk-232669
krishna_ronaldo üêêDolphin,/community/user/2917666
,/home
,https://discord.gg/hianime
,https://tinyurl.com/2y2yy3ba
,https://new.reddit.com/r/HiAnimeZone/
,https://twitter.com/HiAnimeOfficial
All,/az-list
#,/az-list/other
0-9,/az-list/0-9
A,/az-list/A
B,/az-list/B
C,/az-list/C
D,/az-list/D
E,/az-list/E
F,/az-list/F
G,/az-list/G
H,/az-list/H
I,/az-list/I
J,/az-list/J
K,/az-list/K
L,/az-list/L
M,/az-list/M
N,/az-list/N
O,/az-list/O
P,/az-list/P
Q,/az-list/Q
R,/az-list/R
S,/az-list/S
T,/az-list/T
U,/az-list/U
V,/az-list/V
W,/az-list/W
X,/az-list/X
Y,/az-list/Y
Z,/az-list/Z
Terms of service,/terms
DMCA,/dmca
Contact,/contact
HiAnime App,/app-download
Forgot password?,javascript:;
Register,
Verify,
Login,
Back to Sign-in,
Back to Sign-in,
