Alt text,Image URLs
HiAnime,/images/logo.png?v=0.1
,/images/pick-home.svg
,/images/pick-movies.svg
,/images/pick-show.svg
,/images/pick-popular.svg
Bleach,https://cdn.noitatnemucod.net/thumbnail/1366x768/100/58d0b99666b285d2c484fec5dfaa23f0.jpg
Naze Boku no Sekai wo Daremo Oboeteinai no ka?,https://cdn.noitatnemucod.net/thumbnail/1366x768/100/d057bc74b98214c7fd9ca6192aa3ce50.jpg
Giji Harem,https://cdn.noitatnemucod.net/thumbnail/1366x768/100/8316ad233cd5b69d864064c84f8ca9f5.jpg
Maougun Saikyou no Majutsushi wa Ningen datta,
Isekai Shikkaku,
One Piece,
Nige Jouzu no Wakagimi,
Kimetsu no Yaiba: Hashira Geiko-hen,
Wind Breaker,
Bleach,
Naze Boku no Sekai wo Daremo Oboeteinai no ka?,https://cdn.noitatnemucod.net/thumbnail/1366x768/100/d057bc74b98214c7fd9ca6192aa3ce50.jpg
,/images/download-apk.webp
1flix,https://iili.io/JvfIu1a.gif
One Piece,https://cdn.noitatnemucod.net/thumbnail/300x400/100/bcd84731a3eda4f4a306250769675065.jpg
My Hero Academia Season 7,https://cdn.noitatnemucod.net/thumbnail/300x400/100/af4938d7388aad3438e443e74b02531e.jpg
Alya Sometimes Hides Her Feelings in Russian,https://cdn.noitatnemucod.net/thumbnail/300x400/100/b210daff9a85c7b6e42d82d578ee90b2.jpg
A Nobody's Way Up to an Exploration Hero LV,https://cdn.noitatnemucod.net/thumbnail/300x400/100/d6b6d4a43555afa74323871b9dcf107e.jpg
My Star: Season 2,https://cdn.noitatnemucod.net/thumbnail/300x400/100/2d1cb3f0d6a5eea02851ea80f515b984.jpg
Fairy Tail: 100 Years Quest,https://cdn.noitatnemucod.net/thumbnail/300x400/100/28a6148a40022320436d20ea91e2800d.jpg
Wistoria: Wand and Sword,https://cdn.noitatnemucod.net/thumbnail/300x400/100/14a6029b0f2759923a4d2fa957765fe4.jpg
Days with My Stepsister,
Failure Frame: I Became the Strongest and Annihilated Everything With Low-Level Spells,
Wind Breaker,
telegram sharing button,https://platform-cdn.sharethis.com/img/telegram.svg
twitter sharing button,https://platform-cdn.sharethis.com/img/twitter.svg
facebook sharing button,https://platform-cdn.sharethis.com/img/facebook.svg
reddit sharing button,https://platform-cdn.sharethis.com/img/reddit.svg
sharethis sharing button,https://platform-cdn.sharethis.com/img/sharethis.svg
,/images/discussion.png
RORONOAâ€ â€D.GOD,https://cdn.noitatnemucod.net/avatar/100x100/zoro_normal/av-zz-03.jpeg
Sk805,https://cdn.noitatnemucod.net/avatar/100x100/zoro_chibi/avatar-03.png
Alvin,https://cdn.noitatnemucod.net/avatar/100x100/conan/8.png
Netherwatcher,https://cdn.noitatnemucod.net/avatar/100x100/zoro_chibi/avatar2-03.png
Izuna,https://cdn.noitatnemucod.net/avatar/100x100/mha/avatar-19.png
The Elite,https://cdn.noitatnemucod.net/avatar/100x100/jujutsu_kaisen/File4.png
Netherwatcher,https://cdn.noitatnemucod.net/avatar/100x100/zoro_chibi/avatar2-03.png
AegirYoi,https://cdn.noitatnemucod.net/avatar/100x100/spy_family/06.png
NoyD,https://cdn.noitatnemucod.net/avatar/100x100/zoro_normal/av-zz-03.jpeg
Sunseen,https://cdn.noitatnemucod.net/avatar/100x100/zoro_normal/av-zz-01.jpeg
Mishaljez,https://cdn.noitatnemucod.net/avatar/100x100/zoro_chibi/avatar2-07.png
RORONOAâ€ â€D.GOD,https://cdn.noitatnemucod.net/avatar/100x100/zoro_normal/av-zz-03.jpeg
Ehsan,https://cdn.noitatnemucod.net/avatar/100x100/zoro_normal/av-zz-04.jpeg
ï¼¢ï¼¥ï¼­ï¼¡ï¼¸,https://cdn.noitatnemucod.net/avatar/100x100/mha/avatar-19.png
Sk805,https://cdn.noitatnemucod.net/avatar/100x100/zoro_chibi/avatar-03.png
Optionalist,https://cdn.noitatnemucod.net/avatar/100x100/one_piece/04.jpg
ğ•¯ğ–Šğ–’ğ–”ğ–“ ğ•·ğ–”ğ–—ğ–‰,https://cdn.noitatnemucod.net/avatar/100x100/demon_splayer/File12.jpg
Rex,https://cdn.noitatnemucod.net/avatar/100x100/demon_splayer/File14.jpg
Random dude,https://cdn.noitatnemucod.net/avatar/100x100/dragon_ball/av-db-01.jpeg
Zayn,https://cdn.noitatnemucod.net/avatar/100x100/zoro_chibi/avatar-12.png
Zai,https://cdn.noitatnemucod.net/avatar/100x100/demon_splayer/File4.jpg
Random dude,https://cdn.noitatnemucod.net/avatar/100x100/dragon_ball/av-db-01.jpeg
lilieskits,https://cdn.noitatnemucod.net/avatar/100x100/demon_splayer/File19.jpg
Wooper,https://cdn.noitatnemucod.net/avatar/100x100/zoro_chibi/avatar2-08.png
Re:Dedita,https://cdn.noitatnemucod.net/avatar/100x100/dragon_ball_chibi/mrsatan.png
Truck ğŸš› kun,https://cdn.noitatnemucod.net/avatar/100x100/chainsaw/05.png
AnimeXx,https://cdn.noitatnemucod.net/avatar/100x100/demon_splayer/File17.jpg
Leviathan,https://cdn.noitatnemucod.net/avatar/100x100/demon_splayer/File14.jpg
Alaveno,https://cdn.noitatnemucod.net/avatar/100x100/chainsaw/09.png
cloud,https://cdn.noitatnemucod.net/avatar/100x100/spy_family/03.png
TEOKXNG,https://cdn.noitatnemucod.net/avatar/100x100/zoro_normal/av-zz-10.jpeg
Alaveno,https://cdn.noitatnemucod.net/avatar/100x100/chainsaw/09.png
GEGYAGYAGYAGYA,https://cdn.noitatnemucod.net/avatar/100x100/one_piece/user-06.jpeg
Alaveno,https://cdn.noitatnemucod.net/avatar/100x100/chainsaw/09.png
Sensei jiraiya,https://cdn.noitatnemucod.net/avatar/100x100/spy_family/01.png
Zayn,https://cdn.noitatnemucod.net/avatar/100x100/zoro_chibi/avatar-12.png
One Piece,
My Hero Academia Season 7,
That Time I Got Reincarnated as a Slime Season 3,
Alya Sometimes Hides Her Feelings in Russian,
Case Closed,
One Piece,
Naruto: Shippuden,
Bleach,
Jujutsu Kaisen 2nd Season,
Black Clover,
One Piece,
Jujutsu Kaisen (TV),
Chainsaw Man,
Demon Slayer: Kimetsu no Yaiba Swordsmith Village Arc,
Attack on Titan,
The Charm of Soul Pets,
"My Instant Death Ability is So Overpowered, No One in This Other World Stands a Chance Against Me!",
Oishinbo,
Bartender: Glass of God,
Ni no Kuni,
My Hero Academia Season 7,
Soul Land 2: Peerless Tang Sect,
Sword of Coming,
"Mom, I'm Sorry",
The Charm of Soul Pets,
Shadowverse Flame: Arc-hen,
Oishinbo,
Mythical Creatures Are My Dinners,
PokÃ©mon Horizons: The Series,
Himitsu no AiPri,
Cardfight!! Vanguard: Divinez Season 2,
Quality Assurance in Another World,
The Charm of Soul Pets,
"My Instant Death Ability is So Overpowered, No One in This Other World Stands a Chance Against Me!",
Oishinbo,
Bartender: Glass of God,
Ni no Kuni,
Magical Princess Minky Momo: Hold on to Your Dreams,
Captain Kuppa,
The Unwanted Undead Adventurer,
Berserk of Gluttony,
The Legend of Ancient Soul,
Level 1 Demon Lord and One Room Hero,
Helck,
Re:ZERO -Starting Life in Another World- Season 3,
Feng Ling Yu Xiu 2nd Season: Tebie Pian,
White Lightning,
Roommates,
The Young Brewmaster's Adventure 2nd Season,
Caged Character,
Overlord: The Sacred Kingdom,
Stick It on Around! Koinu 2nd Season,
A Will Eternal 3rd Season,
My Hero Academia The Movie 4: You're Next,
Mononoke Movie: Karakasa,
The Colors Within,
One Piece,
Tensei shitara Slime Datta Ken 3rd Season,
Boku no Hero Academia 7th Season,
Naruto: Shippuuden,
Bleach,
Tokidoki Bosotto Russia-go de Dereru Tonari no Alya-san,
"Hazurewaku no ""Joutai Ijou Skill"" de Saikyou ni Natta Ore ga Subete wo Juurin suru made",
"Ore wa Subete wo ""Parry"" suru: Gyaku Kanchigai no Sekai Saikyou wa Boukensha ni Naritai",
Black Clover,
Tsue to Tsurugi no Wistoria,
One Piece,
Boku no Hero Academia 7th Season,
Tokidoki Bosotto Russia-go de Dereru Tonari no Alya-san,
Tensei shitara Slime Datta Ken 3rd Season,
Naruto: Shippuuden,
Bleach,
Tsue to Tsurugi no Wistoria,
"Hazurewaku no ""Joutai Ijou Skill"" de Saikyou ni Natta Ore ga Subete wo Juurin suru made",
"Ore wa Subete wo ""Parry"" suru: Gyaku Kanchigai no Sekai Saikyou wa Boukensha ni Naritai",
Kami no Tou: Ouji no Kikan,
One Piece,
Tokidoki Bosotto Russia-go de Dereru Tonari no Alya-san,
Boku no Hero Academia 7th Season,
Bleach,
Naruto: Shippuuden,
Tsue to Tsurugi no Wistoria,
Tensei shitara Slime Datta Ken 3rd Season,
"Ore wa Subete wo ""Parry"" suru: Gyaku Kanchigai no Sekai Saikyou wa Boukensha ni Naritai",
"Hazurewaku no ""Joutai Ijou Skill"" de Saikyou ni Natta Ore ga Subete wo Juurin suru made",
Kami no Tou: Ouji no Kikan,
Draygun,https://cdn.noitatnemucod.net/avatar/100x100/dragon_ball/av-db-01.jpeg
ğŸ…¼ğŸ…¸ğŸ…»ğŸ…µ ğŸ…·ğŸ†„ğŸ…½ğŸ†ƒğŸ…´ğŸ†,https://cdn.noitatnemucod.net/avatar/100x100/zoro_chibi/avatar-04.png
ã‚·Ù…Ø­Ù…Ø¯ Ø§Ø­Ù…Ø¯ãƒ„,https://cdn.noitatnemucod.net/avatar/100x100/chainsaw/05.png
Junli,https://cdn.noitatnemucod.net/avatar/100x100/spy_family/01.png
ğ–¸Ï…Êêª±áœ’,https://cdn.noitatnemucod.net/avatar/100x100/jujutsu_kaisen/File5.png
ê§â€¢ ğŠğšğ¤ğšğ¬ğ¡ğ¢ (ï½€âˆ€Â´),https://cdn.noitatnemucod.net/avatar/100x100/zoro_chibi/avatar2-07.png
HiAnime,/images/logo.png?v=0.1
